{"cameraMode":{"drawMode":0,"name":"Shaded","section":"Shading Mode"},"sceneLighting":true,"audioPlay":false,"sceneViewState":{"m_AlwaysRefresh":false,"showFog":true,"showSkybox":true,"showFlares":true,"showImageEffects":true,"showParticleSystems":true,"showVisualEffectGraphs":true,"m_FxEnabled":true},"in2DMode":false,"pivot":{"x":0.05012476071715355,"y":1.6588630676269532,"z":-0.11751066148281098},"rotation":{"x":0.016498079523444177,"y":0.011998077854514122,"z":-0.00019798563153017312,"w":0.9997921586036682},"size":1.633386254310608,"orthographic":false}